Hari,Shift,Dokter
1,PAGI,pagi
1,SIANG,siang
1,MALAM,test
2,PAGI,pagi
2,SIANG,siang
2,MALAM,siang
3,PAGI,pagi
3,SIANG,siang
3,MALAM,malam
4,PAGI,pagi
4,SIANG,siang
4,MALAM,malam
5,PAGI,pagi
5,SIANG,siang
5,MALAM,malam
6,PAGI,pagi
6,SIANG,siang
6,MALAM,malam
7,PAGI,malam
7,SIANG,siang
7,MALAM,malam
8,PAGI,pagi
8,SIANG,siang
8,MALAM,test
9,PAGI,pagi
9,SIANG,siang
9,MALAM,siang
10,PAGI,pagi
10,SIANG,siang
10,MALAM,malam
11,PAGI,pagi
11,SIANG,siang
11,MALAM,malam
12,PAGI,pagi
12,SIANG,siang
12,MALAM,malam
13,PAGI,pagi
13,SIANG,siang
13,MALAM,malam
14,PAGI,malam
14,SIANG,siang
14,MALAM,malam
15,PAGI,pagi
15,SIANG,siang
15,MALAM,test
16,PAGI,pagi
16,SIANG,siang
16,MALAM,siang
17,PAGI,pagi
17,SIANG,siang
17,MALAM,malam
18,PAGI,pagi
18,SIANG,siang
18,MALAM,malam
19,PAGI,pagi
19,SIANG,siang
19,MALAM,malam
20,PAGI,pagi
20,SIANG,siang
20,MALAM,malam
21,PAGI,malam
21,SIANG,siang
21,MALAM,malam
22,PAGI,pagi
22,SIANG,siang
22,MALAM,test
23,PAGI,pagi
23,SIANG,siang
23,MALAM,siang
24,PAGI,pagi
24,SIANG,siang
24,MALAM,malam
25,PAGI,pagi
25,SIANG,siang
25,MALAM,malam
26,PAGI,pagi
26,SIANG,siang
26,MALAM,malam
27,PAGI,pagi
27,SIANG,siang
27,MALAM,malam
28,PAGI,malam
28,SIANG,siang
28,MALAM,malam
29,PAGI,pagi
29,SIANG,siang
29,MALAM,test
30,PAGI,pagi
30,SIANG,siang
30,MALAM,siang
